"n_committed","N_total","N_initially_correct","N_initially_wrong","Base_accuracy_pct","Revision_rate_pct","Harmful_rate_pct","Beneficial_rate_pct","Mean_delta_C","Run_agreement_pct"
0,28512,13791,14721,48.3691077441077,25.3331930415264,20.3901094916975,7.34325113783031,-2.92704826038134,97.2002113048072
2,28512,13791,14721,48.3691077441077,31.1938832772166,16.2424769777391,21.8938930779159,-0.89656986531972,96.9889064976228
4,28512,13791,14721,48.3691077441077,31.4744668911336,14.799506924806,26.9343115277495,-0.536791526374852,97.2424722662441
6,28512,13791,14721,48.3691077441077,34.8870650953984,17.1923718367051,32.0358671285918,-0.329685746352402,97.1368198626519
